10
TXY5H9,Dore,Prandy,379 Bonner Park,Schenectady,NY,12305,United States,dprandy0@1und1.de
0AJBEA,Dorthy, Jones, 45857 Eastwood Trail,New York City,NY,10004,United States,dlindwasser1@ftc.gov
H5XG9S,Mikol,Castagnasso,4496 Ramsey Junction,Beaufort,SC,29905,United States,mcastagnasso2@cafepress.com
7747X0,Berke,Harral,11 Linden Point,Pensacola,FL,32505,United States,bharral3@sphinn.com
6RW0RK,Wendie,Grimestone,6058 2nd Road,Toledo,OH,43605,United States,wgrimestone4@mac.com
HCHNKV,Obediah,Gulliman,6872 Monterey Trail,South Bend,IN,46620,United States,ogulliman5@flickr.com
Y88CAY,Carney,Alywin,19 Bluejay Place,Springfield,IL,62756,United States,calywin6@1688.com
JZYHSC,Renaldo,Denslow,408 Goodland Park,Beaufort,SC,29905,United States,rdenslow7@dion.ne.jp
T73SPZ,Gawain,Dymidowski,5 Steensland Junction,Chicago,IL,60674,United States,gdymidowski8@nba.com
WYG35N,Hewie,Branscombe,2066 Morning Terrace,Cheyenne,WY,82007,United States,hbranscombe9@uol.com.br
